Route,Latitude Debut,Longitude Debut,Latitude Fin,Longitude Fin,route_id
"33.57,-7.395 → 33.648,-7.408",33.56968640878232,-7.395306348809435,33.64792053315948,-7.408108582535458,0
"33.57,-7.395 → 33.615,-7.459",33.56968640878232,-7.395306348809435,33.615365940406214,-7.458959071198275,1
"33.57,-7.395 → 33.628,-7.444",33.56968640878232,-7.395306348809435,33.62789799357488,-7.44403942378749,2
"33.57,-7.395 → 33.601,-7.484",33.56968640878232,-7.395306348809435,33.601050398663844,-7.4844428526403695,3
"33.648,-7.408 → 33.57,-7.395",33.64792053315948,-7.408108582535458,33.56968640878232,-7.395306348809435,4
"33.648,-7.408 → 33.615,-7.459",33.64792053315948,-7.408108582535458,33.615365940406214,-7.458959071198275,5
"33.648,-7.408 → 33.628,-7.444",33.64792053315948,-7.408108582535458,33.62789799357488,-7.44403942378749,6
"33.648,-7.408 → 33.601,-7.484",33.64792053315948,-7.408108582535458,33.601050398663844,-7.4844428526403695,7
"33.615,-7.459 → 33.57,-7.395",33.615365940406214,-7.458959071198275,33.56968640878232,-7.395306348809435,8
"33.615,-7.459 → 33.648,-7.408",33.615365940406214,-7.458959071198275,33.64792053315948,-7.408108582535458,9
"33.615,-7.459 → 33.628,-7.444",33.615365940406214,-7.458959071198275,33.62789799357488,-7.44403942378749,10
"33.615,-7.459 → 33.601,-7.484",33.615365940406214,-7.458959071198275,33.601050398663844,-7.4844428526403695,11
"33.628,-7.444 → 33.57,-7.395",33.62789799357488,-7.44403942378749,33.56968640878232,-7.395306348809435,12
"33.628,-7.444 → 33.648,-7.408",33.62789799357488,-7.44403942378749,33.64792053315948,-7.408108582535458,13
"33.628,-7.444 → 33.615,-7.459",33.62789799357488,-7.44403942378749,33.615365940406214,-7.458959071198275,14
"33.628,-7.444 → 33.601,-7.484",33.62789799357488,-7.44403942378749,33.601050398663844,-7.4844428526403695,15
"33.601,-7.484 → 33.57,-7.395",33.601050398663844,-7.4844428526403695,33.56968640878232,-7.395306348809435,16
"33.601,-7.484 → 33.648,-7.408",33.601050398663844,-7.4844428526403695,33.64792053315948,-7.408108582535458,17
"33.601,-7.484 → 33.615,-7.459",33.601050398663844,-7.4844428526403695,33.615365940406214,-7.458959071198275,18
"33.601,-7.484 → 33.628,-7.444",33.601050398663844,-7.4844428526403695,33.62789799357488,-7.44403942378749,19
"33.486,-7.633 → 33.526,-7.637",33.48569462458445,-7.633357283646167,33.52566603266665,-7.636924760146013,20
"33.486,-7.633 → 33.487,-7.642",33.48569462458445,-7.633357283646167,33.48716086847907,-7.641582183521106,21
"33.486,-7.633 → 33.481,-7.652",33.48569462458445,-7.633357283646167,33.48147210659073,-7.652317932191367,22
"33.486,-7.623 → 33.498,-7.651",33.48569462458445,-7.622633357283647,33.49835474797786,-7.6507546447367645,23
"33.526,-7.637 → 33.486,-7.633",33.52566603266665,-7.636924760146013,33.48569462458445,-7.633357283646167,24
"33.526,-7.637 → 33.487,-7.642",33.52566603266665,-7.636924760146013,33.48716086847907,-7.641582183521106,25
"33.526,-7.637 → 33.481,-7.652",33.52566603266665,-7.636924760146013,33.48147210659073,-7.652317932191367,26
"33.526,-7.637 → 33.498,-7.651",33.52566603266665,-7.636924760146013,33.49835474797786,-7.6507546447367645,27
"33.487,-7.642 → 33.486,-7.633",33.48716086847907,-7.641582183521106,33.48569462458445,-7.633357283646167,28
"33.487,-7.642 → 33.526,-7.637",33.48716086847907,-7.641582183521106,33.52566603266665,-7.636924760146013,29
"33.487,-7.642 → 33.481,-7.652",33.48716086847907,-7.641582183521106,33.48147210659073,-7.652317932191367,30
"33.487,-7.642 → 33.498,-7.651",33.48716086847907,-7.641582183521106,33.49835474797786,-7.6507546447367645,31
"33.481,-7.652 → 33.486,-7.633",33.48147210659073,-7.652317932191367,33.48569462458445,-7.633357283646167,32
"33.481,-7.652 → 33.526,-7.637",33.48147210659073,-7.652317932191367,33.52566603266665,-7.636924760146013,33
"33.481,-7.652 → 33.487,-7.642",33.48147210659073,-7.652317932191367,33.48716086847907,-7.641582183521106,34
"33.481,-7.652 → 33.498,-7.651",33.48147210659073,-7.652317932191367,33.49835474797786,-7.6507546447367645,35
"33.498,-7.651 → 33.486,-7.633",33.49835474797786,-7.6507546447367645,33.48569462458445,-7.633357283646167,36
"33.498,-7.651 → 33.526,-7.637",33.49835474797786,-7.6507546447367645,33.52566603266665,-7.636924760146013,37
"33.498,-7.651 → 33.487,-7.642",33.49835474797786,-7.6507546447367645,33.48716086847907,-7.641582183521106,38
"33.498,-7.651 → 33.481,-7.652",33.49835474797786,-7.6507546447367645,33.48147210659073,-7.652317932191367,39
"33.584,-7.641 → 33.573,-7.706",33.58362798256997,-7.641205434655191,33.573187972309874,-7.706392033086802,40
"33.584,-7.641 → 33.569,-7.685",33.58362798256997,-7.641205434655191,33.569003204332105,-7.685470614992623,41
"33.584,-7.641 → 33.59,-7.654",33.58362798256997,-7.641205434655191,33.59001039834734,-7.6536420544121615,42
"33.584,-7.641 → 33.586,-7.673",33.58362798256997,-7.641205434655191,33.5863596041043,-7.672839658473646,43
"33.573,-7.706 → 33.584,-7.641",33.573187972309874,-7.706392033086802,33.58362798256997,-7.641205434655191,44
"33.573,-7.706 → 33.569,-7.685",33.573187972309874,-7.706392033086802,33.569003204332105,-7.685470614992623,45
"33.573,-7.706 → 33.59,-7.654",33.573187972309874,-7.706392033086802,33.59001039834734,-7.6536420544121615,46
"33.573,-7.706 → 33.586,-7.673",33.573187972309874,-7.706392033086802,33.5863596041043,-7.672839658473646,47
"33.569,-7.685 → 33.584,-7.641",33.569003204332105,-7.685470614992623,33.58362798256997,-7.641205434655191,48
"33.569,-7.685 → 33.573,-7.706",33.569003204332105,-7.685470614992623,33.573187972309874,-7.706392033086802,49
"33.569,-7.685 → 33.59,-7.654",33.569003204332105,-7.685470614992623,33.59001039834734,-7.6536420544121615,50
"33.569,-7.685 → 33.586,-7.673",33.569003204332105,-7.685470614992623,33.5863596041043,-7.672839658473646,51
"33.59,-7.654 → 33.584,-7.641",33.59001039834734,-7.6536420544121615,33.58362798256997,-7.641205434655191,52
"33.59,-7.654 → 33.573,-7.706",33.59001039834734,-7.6536420544121615,33.573187972309874,-7.706392033086802,53
"33.59,-7.654 → 33.569,-7.685",33.59001039834734,-7.6536420544121615,33.569003204332105,-7.685470614992623,54
"33.59,-7.654 → 33.586,-7.673",33.59001039834734,-7.6536420544121615,33.5863596041043,-7.672839658473646,55
"33.586,-7.673 → 33.584,-7.641",33.5863596041043,-7.672839658473646,33.58362798256997,-7.641205434655191,56
"33.586,-7.673 → 33.573,-7.706",33.5863596041043,-7.672839658473646,33.573187972309874,-7.706392033086802,57
"33.586,-7.673 → 33.569,-7.685",33.5863596041043,-7.672839658473646,33.569003204332105,-7.685470614992623,58
"33.586,-7.673 → 33.59,-7.654",33.5863596041043,-7.672839658473646,33.59001039834734,-7.6536420544121615,59
"33.607,-7.595 → 33.6,-7.598",33.60744498126024,-7.594817038083934,33.59975258522957,-7.598277515736249,60
"33.607,-7.595 → 33.587,-7.599",33.60744498126024,-7.594817038083934,33.58691859602058,-7.598608381573141,61
"33.607,-7.595 → 33.57,-7.586",33.60744498126024,-7.594817038083934,33.570040783026194,-7.586369622373369,62
"33.607,-7.595 → 33.601,-7.587",33.60744498126024,-7.594817038083934,33.60065834643184,-7.586993050577685,63
"33.6,-7.598 → 33.607,-7.595",33.59975258522957,-7.598277515736249,33.60744498126024,-7.594817038083934,64
"33.6,-7.598 → 33.587,-7.599",33.59975258522957,-7.598277515736249,33.58691859602058,-7.598608381573141,65
"33.6,-7.598 → 33.57,-7.586",33.59975258522957,-7.598277515736249,33.570040783026194,-7.586369622373369,66
"33.6,-7.598 → 33.601,-7.587",33.59975258522957,-7.598277515736249,33.60065834643184,-7.586993050577685,67
"33.587,-7.599 → 33.607,-7.595",33.58691859602058,-7.598608381573141,33.60744498126024,-7.594817038083934,68
"33.587,-7.599 → 33.6,-7.598",33.58691859602058,-7.598608381573141,33.59975258522957,-7.598277515736249,69
"33.587,-7.599 → 33.57,-7.586",33.58691859602058,-7.598608381573141,33.570040783026194,-7.586369622373369,70
"33.587,-7.599 → 33.601,-7.587",33.58691859602058,-7.598608381573141,33.60065834643184,-7.586993050577685,71
"33.57,-7.586 → 33.607,-7.595",33.570040783026194,-7.586369622373369,33.60744498126024,-7.594817038083934,72
"33.57,-7.586 → 33.6,-7.598",33.570040783026194,-7.586369622373369,33.59975258522957,-7.598277515736249,73
"33.57,-7.586 → 33.587,-7.599",33.570040783026194,-7.586369622373369,33.58691859602058,-7.598608381573141,74
"33.57,-7.586 → 33.601,-7.587",33.570040783026194,-7.586369622373369,33.60065834643184,-7.586993050577685,75
"33.601,-7.587 → 33.607,-7.595",33.60065834643184,-7.586993050577685,33.60744498126024,-7.594817038083934,76
"33.601,-7.587 → 33.6,-7.598",33.60065834643184,-7.586993050577685,33.59975258522957,-7.598277515736249,77
"33.601,-7.587 → 33.587,-7.599",33.60065834643184,-7.586993050577685,33.58691859602058,-7.598608381573141,78
"33.601,-7.587 → 33.57,-7.586",33.60065834643184,-7.586993050577685,33.570040783026194,-7.586369622373369,79
"33.543,-7.593 → 33.551,-7.587",33.54280456391236,-7.592916865060728,33.55127435043131,-7.58723626974825,80
"33.543,-7.593 → 33.54,-7.577",33.54280456391236,-7.592916865060728,33.53989839731031,-7.576892643969408,81
"33.543,-7.593 → 33.543,-7.585",33.54280456391236,-7.592916865060728,33.54279982987987,-7.585143142577575,82
"33.543,-7.593 → 33.536,-7.584",33.54280456391236,-7.592916865060728,33.536287806029854,-7.583964839552067,83
"33.551,-7.587 → 33.543,-7.593",33.55127435043131,-7.58723626974825,33.54280456391236,-7.592916865060728,84
"33.551,-7.587 → 33.54,-7.577",33.55127435043131,-7.58723626974825,33.53989839731031,-7.576892643969408,85
"33.551,-7.587 → 33.543,-7.585",33.55127435043131,-7.58723626974825,33.54279982987987,-7.585143142577575,86
"33.551,-7.587 → 33.536,-7.584",33.55127435043131,-7.58723626974825,33.536287806029854,-7.583964839552067,87
"33.54,-7.577 → 33.543,-7.593",33.53989839731031,-7.576892643969408,33.54280456391236,-7.592916865060728,88
"33.54,-7.577 → 33.551,-7.587",33.53989839731031,-7.576892643969408,33.55127435043131,-7.58723626974825,89
"33.54,-7.577 → 33.543,-7.585",33.53989839731031,-7.576892643969408,33.54279982987987,-7.585143142577575,90
"33.54,-7.577 → 33.536,-7.584",33.53989839731031,-7.576892643969408,33.536287806029854,-7.583964839552067,91
"33.543,-7.585 → 33.543,-7.593",33.54279982987987,-7.585143142577575,33.54280456391236,-7.592916865060728,92
"33.543,-7.585 → 33.551,-7.587",33.54279982987987,-7.585143142577575,33.55127435043131,-7.58723626974825,93
"33.543,-7.585 → 33.54,-7.577",33.54279982987987,-7.585143142577575,33.53989839731031,-7.576892643969408,94
"33.543,-7.585 → 33.536,-7.584",33.54279982987987,-7.585143142577575,33.536287806029854,-7.583964839552067,95
"33.536,-7.584 → 33.543,-7.593",33.536287806029854,-7.583964839552067,33.54280456391236,-7.592916865060728,96
"33.536,-7.584 → 33.551,-7.587",33.536287806029854,-7.583964839552067,33.55127435043131,-7.58723626974825,97
"33.536,-7.584 → 33.54,-7.577",33.536287806029854,-7.583964839552067,33.53989839731031,-7.576892643969408,98
"33.536,-7.584 → 33.543,-7.585",33.536287806029854,-7.583964839552067,33.54279982987987,-7.585143142577575,99
"33.553,-7.598 → 33.561,-7.602",33.552638813319106,-7.598079673528729,33.5612239916881,-7.602434066270029,100
"33.553,-7.598 → 33.551,-7.607",33.552638813319106,-7.598079673528729,33.55110680622544,-7.606628807644618,101
"33.553,-7.598 → 33.557,-7.609",33.552638813319106,-7.598079673528729,33.55736883893674,-7.609119650922892,102
"33.553,-7.598 → 33.559,-7.595",33.552638813319106,-7.598079673528729,33.5594284108214,-7.594952777566913,103
"33.561,-7.602 → 33.553,-7.598",33.5612239916881,-7.602434066270029,33.552638813319106,-7.598079673528729,104
"33.561,-7.602 → 33.551,-7.607",33.5612239916881,-7.602434066270029,33.55110680622544,-7.606628807644618,105
"33.561,-7.602 → 33.557,-7.609",33.5612239916881,-7.602434066270029,33.55736883893674,-7.609119650922892,106
"33.561,-7.602 → 33.559,-7.595",33.5612239916881,-7.602434066270029,33.5594284108214,-7.594952777566913,107
"33.551,-7.607 → 33.553,-7.598",33.55110680622544,-7.606628807644618,33.552638813319106,-7.598079673528729,108
"33.551,-7.607 → 33.561,-7.602",33.55110680622544,-7.606628807644618,33.5612239916881,-7.602434066270029,109
"33.551,-7.607 → 33.557,-7.609",33.55110680622544,-7.606628807644618,33.55736883893674,-7.609119650922892,110
"33.551,-7.607 → 33.559,-7.595",33.55110680622544,-7.606628807644618,33.5594284108214,-7.594952777566913,111
"33.557,-7.609 → 33.553,-7.598",33.55736883893674,-7.609119650922892,33.552638813319106,-7.598079673528729,112
"33.557,-7.609 → 33.561,-7.602",33.55736883893674,-7.609119650922892,33.5612239916881,-7.602434066270029,113
"33.557,-7.609 → 33.551,-7.607",33.55736883893674,-7.609119650922892,33.55110680622544,-7.606628807644618,114
"33.557,-7.609 → 33.559,-7.595",33.55736883893674,-7.609119650922892,33.5594284108214,-7.594952777566913,115
"33.559,-7.595 → 33.553,-7.598",33.5594284108214,-7.594952777566913,33.552638813319106,-7.598079673528729,116
"33.559,-7.595 → 33.561,-7.602",33.5594284108214,-7.594952777566913,33.5612239916881,-7.602434066270029,117
"33.559,-7.595 → 33.551,-7.607",33.5594284108214,-7.594952777566913,33.55110680622544,-7.606628807644618,118
"33.559,-7.595 → 33.557,-7.609",33.5594284108214,-7.594952777566913,33.55736883893674,-7.609119650922892,119
"33.569,-7.644 → 33.574,-7.653",33.569346106695185,-7.644186735862398,33.57439940559289,-7.652547715520084,120
"33.569,-7.644 → 33.557,-7.64",33.569346106695185,-7.644186735862398,33.55724595712827,-7.639673809114366,121
"33.569,-7.644 → 33.571,-7.618",33.569346106695185,-7.644186735862398,33.570722512994294,-7.618140348582532,122
"33.569,-7.644 → 33.546,-7.639",33.569346106695185,-7.644186735862398,33.54555018322015,-7.639283797050576,123
"33.574,-7.653 → 33.569,-7.644",33.57439940559289,-7.652547715520084,33.569346106695185,-7.644186735862398,124
"33.574,-7.653 → 33.557,-7.64",33.57439940559289,-7.652547715520084,33.55724595712827,-7.639673809114366,125
"33.574,-7.653 → 33.571,-7.618",33.57439940559289,-7.652547715520084,33.570722512994294,-7.618140348582532,126
"33.574,-7.653 → 33.546,-7.639",33.57439940559289,-7.652547715520084,33.54555018322015,-7.639283797050576,127
"33.557,-7.64 → 33.569,-7.644",33.55724595712827,-7.639673809114366,33.569346106695185,-7.644186735862398,128
"33.557,-7.64 → 33.574,-7.653",33.55724595712827,-7.639673809114366,33.57439940559289,-7.652547715520084,129
"33.557,-7.64 → 33.571,-7.618",33.55724595712827,-7.639673809114366,33.570722512994294,-7.618140348582532,130
"33.557,-7.64 → 33.546,-7.639",33.55724595712827,-7.639673809114366,33.54555018322015,-7.639283797050576,131
"33.571,-7.618 → 33.569,-7.644",33.570722512994294,-7.618140348582532,33.569346106695185,-7.644186735862398,132
"33.571,-7.618 → 33.574,-7.653",33.570722512994294,-7.618140348582532,33.57439940559289,-7.652547715520084,133
"33.571,-7.618 → 33.557,-7.64",33.570722512994294,-7.618140348582532,33.55724595712827,-7.639673809114366,134
"33.571,-7.618 → 33.546,-7.639",33.570722512994294,-7.618140348582532,33.54555018322015,-7.639283797050576,135
"33.546,-7.639 → 33.569,-7.644",33.54555018322015,-7.639283797050576,33.569346106695185,-7.644186735862398,136
"33.546,-7.639 → 33.574,-7.653",33.54555018322015,-7.639283797050576,33.57439940559289,-7.652547715520084,137
"33.546,-7.639 → 33.557,-7.64",33.54555018322015,-7.639283797050576,33.55724595712827,-7.639673809114366,138
"33.546,-7.639 → 33.571,-7.618",33.54555018322015,-7.639283797050576,33.570722512994294,-7.618140348582532,139
"33.562,-7.647 → 33.569,-7.669",33.5617648719433,-7.647488326947816,33.568919900792785,-7.669169627366986,140
"33.562,-7.647 → 33.554,-7.665",33.5617648719433,-7.647488326947816,33.554217028233325,-7.665145749112807,141
"33.562,-7.647 → 33.569,-7.652",33.5617648719433,-7.647488326947816,33.568542268508416,-7.651791243629023,142
"33.562,-7.647 → 33.558,-7.686",33.5617648719433,-7.647488326947816,33.55780575075923,-7.686021183106305,143
"33.569,-7.669 → 33.562,-7.647",33.568919900792785,-7.669169627366986,33.5617648719433,-7.647488326947816,144
"33.569,-7.669 → 33.554,-7.665",33.568919900792785,-7.669169627366986,33.554217028233325,-7.665145749112807,145
"33.569,-7.669 → 33.569,-7.652",33.568919900792785,-7.669169627366986,33.568542268508416,-7.651791243629023,146
"33.569,-7.669 → 33.558,-7.686",33.568919900792785,-7.669169627366986,33.55780575075923,-7.686021183106305,147
"33.554,-7.665 → 33.562,-7.647",33.554217028233325,-7.665145749112807,33.5617648719433,-7.647488326947816,148
"33.554,-7.665 → 33.569,-7.669",33.554217028233325,-7.665145749112807,33.568919900792785,-7.669169627366986,149
"33.554,-7.665 → 33.569,-7.652",33.554217028233325,-7.665145749112807,33.568542268508416,-7.651791243629023,150
"33.554,-7.665 → 33.558,-7.686",33.554217028233325,-7.665145749112807,33.55780575075923,-7.686021183106305,151
"33.569,-7.652 → 33.562,-7.647",33.568542268508416,-7.651791243629023,33.5617648719433,-7.647488326947816,152
"33.569,-7.652 → 33.569,-7.669",33.568542268508416,-7.651791243629023,33.568919900792785,-7.669169627366986,153
"33.569,-7.652 → 33.554,-7.665",33.568542268508416,-7.651791243629023,33.554217028233325,-7.665145749112807,154
"33.569,-7.652 → 33.558,-7.686",33.568542268508416,-7.651791243629023,33.55780575075923,-7.686021183106305,155
"33.558,-7.686 → 33.562,-7.647",33.55780575075923,-7.686021183106305,33.5617648719433,-7.647488326947816,156
"33.558,-7.686 → 33.569,-7.669",33.55780575075923,-7.686021183106305,33.568919900792785,-7.669169627366986,157
"33.558,-7.686 → 33.554,-7.665",33.55780575075923,-7.686021183106305,33.554217028233325,-7.665145749112807,158
"33.558,-7.686 → 33.569,-7.652",33.55780575075923,-7.686021183106305,33.568542268508416,-7.651791243629023,159
"33.577,-7.567 → 33.574,-7.558",33.577165225338696,-7.566759982285982,33.57371103880315,-7.557628015411628,160
"33.577,-7.567 → 33.586,-7.58",33.577165225338696,-7.566759982285982,33.585581533006746,-7.579664410522142,161
"33.577,-7.567 → 33.58,-7.553",33.577165225338696,-7.566759982285982,33.579634087838976,-7.552954125796059,162
"33.577,-7.567 → 33.588,-7.565",33.577165225338696,-7.566759982285982,33.58760968997529,-7.565003146178025,163
"33.574,-7.558 → 33.577,-7.567",33.57371103880315,-7.557628015411628,33.577165225338696,-7.566759982285982,164
"33.574,-7.558 → 33.586,-7.58",33.57371103880315,-7.557628015411628,33.585581533006746,-7.579664410522142,165
"33.574,-7.558 → 33.58,-7.553",33.57371103880315,-7.557628015411628,33.579634087838976,-7.552954125796059,166
"33.574,-7.558 → 33.588,-7.565",33.57371103880315,-7.557628015411628,33.58760968997529,-7.565003146178025,167
"33.586,-7.58 → 33.577,-7.567",33.585581533006746,-7.579664410522142,33.577165225338696,-7.566759982285982,168
"33.586,-7.58 → 33.574,-7.558",33.585581533006746,-7.579664410522142,33.57371103880315,-7.557628015411628,169
"33.586,-7.58 → 33.58,-7.553",33.585581533006746,-7.579664410522142,33.579634087838976,-7.552954125796059,170
"33.586,-7.58 → 33.588,-7.565",33.585581533006746,-7.579664410522142,33.58760968997529,-7.565003146178025,171
"33.58,-7.553 → 33.577,-7.567",33.579634087838976,-7.552954125796059,33.577165225338696,-7.566759982285982,172
"33.58,-7.553 → 33.574,-7.558",33.579634087838976,-7.552954125796059,33.57371103880315,-7.557628015411628,173
"33.58,-7.553 → 33.586,-7.58",33.579634087838976,-7.552954125796059,33.585581533006746,-7.579664410522142,174
"33.58,-7.553 → 33.588,-7.565",33.579634087838976,-7.552954125796059,33.58760968997529,-7.565003146178025,175
"33.588,-7.565 → 33.577,-7.567",33.58760968997529,-7.565003146178025,33.577165225338696,-7.566759982285982,176
"33.588,-7.565 → 33.574,-7.558",33.58760968997529,-7.565003146178025,33.57371103880315,-7.557628015411628,177
"33.588,-7.565 → 33.586,-7.58",33.58760968997529,-7.565003146178025,33.585581533006746,-7.579664410522142,178
"33.588,-7.565 → 33.58,-7.553",33.58760968997529,-7.565003146178025,33.579634087838976,-7.552954125796059,179
"33.523,-7.627 → 33.54,-7.632",33.5234096623697,-7.627368587781716,33.54026411129312,-7.6319518606039,180
"33.523,-7.627 → 33.547,-7.603",33.5234096623697,-7.627368587781716,33.546530260563024,-7.603443488370979,181
"33.523,-7.627 → 33.531,-7.62",33.5234096623697,-7.627368587781716,33.53076443517872,-7.620207488965399,182
"33.523,-7.627 → 33.533,-7.607",33.5234096623697,-7.627368587781716,33.5331373999159,-7.60743119944375,183
"33.54,-7.632 → 33.523,-7.627",33.54026411129312,-7.6319518606039,33.5234096623697,-7.627368587781716,184
"33.54,-7.632 → 33.547,-7.603",33.54026411129312,-7.6319518606039,33.546530260563024,-7.603443488370979,185
"33.54,-7.632 → 33.531,-7.62",33.54026411129312,-7.6319518606039,33.53076443517872,-7.620207488965399,186
"33.54,-7.632 → 33.533,-7.607",33.54026411129312,-7.6319518606039,33.5331373999159,-7.60743119944375,187
"33.547,-7.603 → 33.523,-7.627",33.546530260563024,-7.603443488370979,33.5234096623697,-7.627368587781716,188
"33.547,-7.603 → 33.54,-7.632",33.546530260563024,-7.603443488370979,33.54026411129312,-7.6319518606039,189
"33.547,-7.603 → 33.531,-7.62",33.546530260563024,-7.603443488370979,33.53076443517872,-7.620207488965399,190
"33.547,-7.603 → 33.533,-7.607",33.546530260563024,-7.603443488370979,33.5331373999159,-7.60743119944375,191
"33.531,-7.62 → 33.523,-7.627",33.53076443517872,-7.620207488965399,33.5234096623697,-7.627368587781716,192
"33.531,-7.62 → 33.54,-7.632",33.53076443517872,-7.620207488965399,33.54026411129312,-7.6319518606039,193
"33.531,-7.62 → 33.547,-7.603",33.53076443517872,-7.620207488965399,33.546530260563024,-7.603443488370979,194
"33.531,-7.62 → 33.533,-7.607",33.53076443517872,-7.620207488965399,33.5331373999159,-7.60743119944375,195
"33.533,-7.607 → 33.523,-7.627",33.5331373999159,-7.60743119944375,33.5234096623697,-7.627368587781716,196
"33.533,-7.607 → 33.54,-7.632",33.5331373999159,-7.60743119944375,33.54026411129312,-7.6319518606039,197
"33.533,-7.607 → 33.547,-7.603",33.5331373999159,-7.60743119944375,33.546530260563024,-7.603443488370979,198
"33.533,-7.607 → 33.531,-7.62",33.5331373999159,-7.60743119944375,33.53076443517872,-7.620207488965399,199
"33.606,-7.527 → 33.593,-7.553",33.60633088593887,-7.527055886982375,33.59262534701576,-7.552505825461063,200
"33.606,-7.527 → 33.616,-7.53",33.60633088593887,-7.527055886982375,33.61603358538719,-7.530093623695426,201
"33.606,-7.527 → 33.609,-7.571",33.60633088593887,-7.527055886982375,33.6086212940201,-7.5710170723231505,202
"33.606,-7.527 → 33.588,-7.514",33.60633088593887,-7.527055886982375,33.587582534562706,-7.514349381506551,203
"33.593,-7.553 → 33.606,-7.527",33.59262534701576,-7.552505825461063,33.60633088593887,-7.527055886982375,204
"33.593,-7.553 → 33.616,-7.53",33.59262534701576,-7.552505825461063,33.61603358538719,-7.530093623695426,205
"33.593,-7.553 → 33.609,-7.571",33.59262534701576,-7.552505825461063,33.6086212940201,-7.5710170723231505,206
"33.593,-7.553 → 33.588,-7.514",33.59262534701576,-7.552505825461063,33.587582534562706,-7.514349381506551,207
"33.616,-7.53 → 33.606,-7.527",33.61603358538719,-7.530093623695426,33.60633088593887,-7.527055886982375,208
"33.616,-7.53 → 33.593,-7.553",33.61603358538719,-7.530093623695426,33.59262534701576,-7.552505825461063,209
"33.616,-7.53 → 33.609,-7.571",33.61603358538719,-7.530093623695426,33.6086212940201,-7.5710170723231505,210
"33.616,-7.53 → 33.588,-7.514",33.61603358538719,-7.530093623695426,33.587582534562706,-7.514349381506551,211
"33.609,-7.571 → 33.606,-7.527",33.6086212940201,-7.5710170723231505,33.60633088593887,-7.527055886982375,212
"33.609,-7.571 → 33.593,-7.553",33.6086212940201,-7.5710170723231505,33.59262534701576,-7.552505825461063,213
"33.609,-7.571 → 33.616,-7.53",33.6086212940201,-7.5710170723231505,33.61603358538719,-7.530093623695426,214
"33.609,-7.571 → 33.588,-7.514",33.6086212940201,-7.5710170723231505,33.587582534562706,-7.514349381506551,215
"33.588,-7.514 → 33.606,-7.527",33.587582534562706,-7.514349381506551,33.60633088593887,-7.527055886982375,216
"33.588,-7.514 → 33.593,-7.553",33.587582534562706,-7.514349381506551,33.59262534701576,-7.552505825461063,217
"33.588,-7.514 → 33.616,-7.53",33.587582534562706,-7.514349381506551,33.61603358538719,-7.530093623695426,218
"33.588,-7.514 → 33.609,-7.571",33.587582534562706,-7.514349381506551,33.6086212940201,-7.5710170723231505,219
"33.57,-7.598 → 33.564,-7.6",33.57013445164309,-7.598058645606782,33.56363154284882,-7.599870730141732,220
"33.57,-7.598 → 33.565,-7.591",33.57013445164309,-7.598058645606782,33.564723920173485,-7.590697357199,221
"33.57,-7.598 → 33.567,-7.584",33.57013445164309,-7.598058645606782,33.56704661642497,-7.584284043045241,222
"33.57,-7.598 → 33.562,-7.606",33.57013445164309,-7.598058645606782,33.562284333432395,-7.606299844625026,223
"33.564,-7.6 → 33.57,-7.598",33.56363154284882,-7.599870730141732,33.57013445164309,-7.598058645606782,224
"33.564,-7.6 → 33.565,-7.591",33.56363154284882,-7.599870730141732,33.564723920173485,-7.590697357199,225
"33.564,-7.6 → 33.567,-7.584",33.56363154284882,-7.599870730141732,33.56704661642497,-7.584284043045241,226
"33.564,-7.6 → 33.562,-7.606",33.56363154284882,-7.599870730141732,33.562284333432395,-7.606299844625026,227
"33.565,-7.591 → 33.57,-7.598",33.564723920173485,-7.590697357199,33.57013445164309,-7.598058645606782,228
"33.565,-7.591 → 33.564,-7.6",33.564723920173485,-7.590697357199,33.56363154284882,-7.599870730141732,229
"33.565,-7.591 → 33.567,-7.584",33.564723920173485,-7.590697357199,33.56704661642497,-7.584284043045241,230
"33.565,-7.591 → 33.562,-7.606",33.564723920173485,-7.590697357199,33.562284333432395,-7.606299844625026,231
"33.567,-7.584 → 33.57,-7.598",33.56704661642497,-7.584284043045241,33.57013445164309,-7.598058645606782,232
"33.567,-7.584 → 33.564,-7.6",33.56704661642497,-7.584284043045241,33.56363154284882,-7.599870730141732,233
"33.567,-7.584 → 33.565,-7.591",33.56704661642497,-7.584284043045241,33.564723920173485,-7.590697357199,234
"33.567,-7.584 → 33.562,-7.606",33.56704661642497,-7.584284043045241,33.562284333432395,-7.606299844625026,235
"33.562,-7.606 → 33.57,-7.598",33.562284333432395,-7.606299844625026,33.57013445164309,-7.598058645606782,236
"33.562,-7.606 → 33.564,-7.6",33.562284333432395,-7.606299844625026,33.56363154284882,-7.599870730141732,237
"33.562,-7.606 → 33.565,-7.591",33.562284333432395,-7.606299844625026,33.564723920173485,-7.590697357199,238
"33.562,-7.606 → 33.567,-7.584",33.562284333432395,-7.606299844625026,33.56704661642497,-7.584284043045241,239
"33.56,-7.576 → 33.559,-7.59",33.560102663680816,-7.575982165377473,33.55912952367036,-7.589924996035013,240
"33.56,-7.576 → 33.562,-7.583",33.560102663680816,-7.575982165377473,33.56202488728205,-7.583308487699777,241
"33.56,-7.576 → 33.563,-7.595",33.560102663680816,-7.575982165377473,33.56304333970278,-7.594587085834851,242
"33.56,-7.576 → 33.556,-7.581",33.560102663680816,-7.575982165377473,33.55644267492753,-7.5809001127983775,243
"33.559,-7.59 → 33.56,-7.576",33.55912952367036,-7.589924996035013,33.560102663680816,-7.575982165377473,244
"33.559,-7.59 → 33.562,-7.583",33.55912952367036,-7.589924996035013,33.56202488728205,-7.583308487699777,245
"33.559,-7.59 → 33.563,-7.595",33.55912952367036,-7.589924996035013,33.56304333970278,-7.594587085834851,246
"33.559,-7.59 → 33.556,-7.581",33.55912952367036,-7.589924996035013,33.55644267492753,-7.5809001127983775,247
"33.562,-7.583 → 33.56,-7.576",33.56202488728205,-7.583308487699777,33.560102663680816,-7.575982165377473,248
"33.562,-7.583 → 33.559,-7.59",33.56202488728205,-7.583308487699777,33.55912952367036,-7.589924996035013,249
"33.562,-7.583 → 33.563,-7.595",33.56202488728205,-7.583308487699777,33.56304333970278,-7.594587085834851,250
"33.562,-7.583 → 33.556,-7.581",33.56202488728205,-7.583308487699777,33.55644267492753,-7.5809001127983775,251
"33.563,-7.595 → 33.56,-7.576",33.56304333970278,-7.594587085834851,33.560102663680816,-7.575982165377473,252
"33.563,-7.595 → 33.559,-7.59",33.56304333970278,-7.594587085834851,33.55912952367036,-7.589924996035013,253
"33.563,-7.595 → 33.562,-7.583",33.56304333970278,-7.594587085834851,33.56202488728205,-7.583308487699777,254
"33.563,-7.595 → 33.556,-7.581",33.56304333970278,-7.594587085834851,33.55644267492753,-7.5809001127983775,255
"33.556,-7.581 → 33.56,-7.576",33.55644267492753,-7.5809001127983775,33.560102663680816,-7.575982165377473,256
"33.556,-7.581 → 33.559,-7.59",33.55644267492753,-7.5809001127983775,33.55912952367036,-7.589924996035013,257
"33.556,-7.581 → 33.562,-7.583",33.55644267492753,-7.5809001127983775,33.56202488728205,-7.583308487699777,258
"33.556,-7.581 → 33.563,-7.595",33.55644267492753,-7.5809001127983775,33.56304333970278,-7.594587085834851,259
"33.517,-7.681 → 33.515,-7.666",33.51749346173515,-7.680956044302029,33.51459861043016,-7.666391027334933,260
"33.517,-7.681 → 33.532,-7.675",33.51749346173515,-7.680956044302029,33.532032651044965,-7.675116290969239,261
"33.517,-7.681 → 33.521,-7.662",33.51749346173515,-7.680956044302029,33.52105989797821,-7.661786280457402,262
"33.517,-7.681 → 33.533,-7.646",33.51749346173515,-7.680956044302029,33.53278464788346,-7.645725361717879,263
"33.515,-7.666 → 33.517,-7.681",33.51459861043016,-7.666391027334933,33.51749346173515,-7.680956044302029,264
"33.515,-7.666 → 33.532,-7.675",33.51459861043016,-7.666391027334933,33.532032651044965,-7.675116290969239,265
"33.515,-7.666 → 33.521,-7.662",33.51459861043016,-7.666391027334933,33.52105989797821,-7.661786280457402,266
"33.515,-7.666 → 33.533,-7.646",33.51459861043016,-7.666391027334933,33.53278464788346,-7.645725361717879,267
"33.532,-7.675 → 33.517,-7.681",33.532032651044965,-7.675116290969239,33.51749346173515,-7.680956044302029,268
"33.532,-7.675 → 33.515,-7.666",33.532032651044965,-7.675116290969239,33.51459861043016,-7.666391027334933,269
"33.532,-7.675 → 33.521,-7.662",33.532032651044965,-7.675116290969239,33.52105989797821,-7.661786280457402,270
"33.532,-7.675 → 33.533,-7.646",33.532032651044965,-7.675116290969239,33.53278464788346,-7.645725361717879,271
"33.521,-7.662 → 33.517,-7.681",33.52105989797821,-7.661786280457402,33.51749346173515,-7.680956044302029,272
"33.521,-7.662 → 33.515,-7.666",33.52105989797821,-7.661786280457402,33.51459861043016,-7.666391027334933,273
"33.521,-7.662 → 33.532,-7.675",33.52105989797821,-7.661786280457402,33.532032651044965,-7.675116290969239,274
"33.521,-7.662 → 33.533,-7.646",33.52105989797821,-7.661786280457402,33.53278464788346,-7.645725361717879,275
"33.533,-7.646 → 33.517,-7.681",33.53278464788346,-7.645725361717879,33.51749346173515,-7.680956044302029,276
"33.533,-7.646 → 33.515,-7.666",33.53278464788346,-7.645725361717879,33.51459861043016,-7.666391027334933,277
"33.533,-7.646 → 33.532,-7.675",33.53278464788346,-7.645725361717879,33.532032651044965,-7.675116290969239,278
"33.533,-7.646 → 33.521,-7.662",33.53278464788346,-7.645725361717879,33.52105989797821,-7.661786280457402,279
"33.574,-7.606 → 33.565,-7.609",33.57400257251262,-7.605685742605052,33.56533767985115,-7.608744229568229,280
"33.574,-7.606 → 33.575,-7.595",33.57400257251262,-7.605685742605052,33.575462597813654,-7.594686718501765,281
"33.574,-7.606 → 33.563,-7.614",33.57400257251262,-7.605685742605052,33.56259093684122,-7.614278700412314,282
"33.574,-7.606 → 33.582,-7.601",33.57400257251262,-7.605685742605052,33.58170084555344,-7.600926178445923,283
"33.565,-7.609 → 33.574,-7.606",33.56533767985115,-7.608744229568229,33.57400257251262,-7.605685742605052,284
"33.565,-7.609 → 33.575,-7.595",33.56533767985115,-7.608744229568229,33.575462597813654,-7.594686718501765,285
"33.565,-7.609 → 33.563,-7.614",33.56533767985115,-7.608744229568229,33.56259093684122,-7.614278700412314,286
"33.565,-7.609 → 33.582,-7.601",33.56533767985115,-7.608744229568229,33.58170084555344,-7.600926178445923,287
"33.575,-7.595 → 33.574,-7.606",33.575462597813654,-7.594686718501765,33.57400257251262,-7.605685742605052,288
"33.575,-7.595 → 33.565,-7.609",33.575462597813654,-7.594686718501765,33.56533767985115,-7.608744229568229,289
"33.575,-7.595 → 33.563,-7.614",33.575462597813654,-7.594686718501765,33.56259093684122,-7.614278700412314,290
"33.575,-7.595 → 33.582,-7.601",33.575462597813654,-7.594686718501765,33.58170084555344,-7.600926178445923,291
"33.563,-7.614 → 33.574,-7.606",33.56259093684122,-7.614278700412314,33.57400257251262,-7.605685742605052,292
"33.563,-7.614 → 33.565,-7.609",33.56259093684122,-7.614278700412314,33.56533767985115,-7.608744229568229,293
"33.563,-7.614 → 33.575,-7.595",33.56259093684122,-7.614278700412314,33.575462597813654,-7.594686718501765,294
"33.563,-7.614 → 33.582,-7.601",33.56259093684122,-7.614278700412314,33.58170084555344,-7.600926178445923,295
"33.582,-7.601 → 33.574,-7.606",33.58170084555344,-7.600926178445923,33.57400257251262,-7.605685742605052,296
"33.582,-7.601 → 33.565,-7.609",33.58170084555344,-7.600926178445923,33.56533767985115,-7.608744229568229,297
"33.582,-7.601 → 33.575,-7.595",33.58170084555344,-7.600926178445923,33.575462597813654,-7.594686718501765,298
"33.582,-7.601 → 33.563,-7.614",33.58170084555344,-7.600926178445923,33.56259093684122,-7.614278700412314,299
"33.55,-7.536 → 33.544,-7.548",33.54955776821401,-7.536334824729268,33.54402006716618,-7.548097339633385,300
"33.55,-7.536 → 33.557,-7.544",33.54955776821401,-7.536334824729268,33.55653446661679,-7.543527667933203,301
"33.55,-7.536 → 33.553,-7.552",33.54955776821401,-7.536334824729268,33.5529324281346,-7.552278558694906,302
"33.55,-7.536 → 33.561,-7.561",33.54955776821401,-7.536334824729268,33.56078191998768,-7.560994681678277,303
"33.544,-7.548 → 33.55,-7.536",33.54402006716618,-7.548097339633385,33.54955776821401,-7.536334824729268,304
"33.544,-7.548 → 33.557,-7.544",33.54402006716618,-7.548097339633385,33.55653446661679,-7.543527667933203,305
"33.544,-7.548 → 33.553,-7.552",33.54402006716618,-7.548097339633385,33.5529324281346,-7.552278558694906,306
"33.544,-7.548 → 33.561,-7.561",33.54402006716618,-7.548097339633385,33.56078191998768,-7.560994681678277,307
"33.557,-7.544 → 33.55,-7.536",33.55653446661679,-7.543527667933203,33.54955776821401,-7.536334824729268,308
"33.557,-7.544 → 33.544,-7.548",33.55653446661679,-7.543527667933203,33.54402006716618,-7.548097339633385,309
"33.557,-7.544 → 33.553,-7.552",33.55653446661679,-7.543527667933203,33.5529324281346,-7.552278558694906,310
"33.557,-7.544 → 33.561,-7.561",33.55653446661679,-7.543527667933203,33.56078191998768,-7.560994681678277,311
"33.553,-7.552 → 33.55,-7.536",33.5529324281346,-7.552278558694906,33.54955776821401,-7.536334824729268,312
"33.553,-7.552 → 33.544,-7.548",33.5529324281346,-7.552278558694906,33.54402006716618,-7.548097339633385,313
"33.553,-7.552 → 33.557,-7.544",33.5529324281346,-7.552278558694906,33.55653446661679,-7.543527667933203,314
"33.553,-7.552 → 33.561,-7.561",33.5529324281346,-7.552278558694906,33.56078191998768,-7.560994681678277,315
"33.561,-7.561 → 33.55,-7.536",33.56078191998768,-7.560994681678277,33.54955776821401,-7.536334824729268,316
"33.561,-7.561 → 33.544,-7.548",33.56078191998768,-7.560994681678277,33.54402006716618,-7.548097339633385,317
"33.561,-7.561 → 33.557,-7.544",33.56078191998768,-7.560994681678277,33.55653446661679,-7.543527667933203,318
"33.561,-7.561 → 33.553,-7.552",33.56078191998768,-7.560994681678277,33.5529324281346,-7.552278558694906,319
"33.585,-7.609 → 33.588,-7.619",33.58477848594879,-7.609472547859955,33.58810958552359,-7.6185092530708385,320
"33.585,-7.609 → 33.575,-7.614",33.58477848594879,-7.609472547859955,33.57536825717185,-7.613627716591679,321
"33.585,-7.609 → 33.605,-7.607",33.58477848594879,-7.609472547859955,33.604828115575216,-7.606751964214563,322
"33.585,-7.609 → 33.595,-7.6",33.58477848594879,-7.609472547859955,33.59542479531202,-7.60026293900983,323
"33.588,-7.619 → 33.585,-7.609",33.58810958552359,-7.6185092530708385,33.58477848594879,-7.609472547859955,324
"33.588,-7.619 → 33.575,-7.614",33.58810958552359,-7.6185092530708385,33.57536825717185,-7.613627716591679,325
"33.588,-7.619 → 33.605,-7.607",33.58810958552359,-7.6185092530708385,33.604828115575216,-7.606751964214563,326
"33.588,-7.619 → 33.595,-7.6",33.58810958552359,-7.6185092530708385,33.59542479531202,-7.60026293900983,327
"33.575,-7.614 → 33.585,-7.609",33.57536825717185,-7.613627716591679,33.58477848594879,-7.609472547859955,328
"33.575,-7.614 → 33.588,-7.619",33.57536825717185,-7.613627716591679,33.58810958552359,-7.6185092530708385,329
"33.575,-7.614 → 33.605,-7.607",33.57536825717185,-7.613627716591679,33.604828115575216,-7.606751964214563,330
"33.575,-7.614 → 33.595,-7.6",33.57536825717185,-7.613627716591679,33.59542479531202,-7.60026293900983,331
"33.605,-7.607 → 33.585,-7.609",33.604828115575216,-7.606751964214563,33.58477848594879,-7.609472547859955,332
"33.605,-7.607 → 33.588,-7.619",33.604828115575216,-7.606751964214563,33.58810958552359,-7.6185092530708385,333
"33.605,-7.607 → 33.575,-7.614",33.604828115575216,-7.606751964214563,33.57536825717185,-7.613627716591679,334
"33.605,-7.607 → 33.595,-7.6",33.604828115575216,-7.606751964214563,33.59542479531202,-7.60026293900983,335
"33.595,-7.6 → 33.585,-7.609",33.59542479531202,-7.60026293900983,33.58477848594879,-7.609472547859955,336
"33.595,-7.6 → 33.588,-7.619",33.59542479531202,-7.60026293900983,33.58810958552359,-7.6185092530708385,337
"33.595,-7.6 → 33.575,-7.614",33.59542479531202,-7.60026293900983,33.57536825717185,-7.613627716591679,338
"33.595,-7.6 → 33.605,-7.607",33.59542479531202,-7.60026293900983,33.604828115575216,-7.606751964214563,339
"33.568,-7.538 → 33.557,-7.521",33.567727447051816,-7.538376617942674,33.5569487310012,-7.520723345748707,340
"33.568,-7.538 → 33.576,-7.524",33.567727447051816,-7.538376617942674,33.576050885706955,-7.523572048700261,341
"33.568,-7.538 → 33.591,-7.498",33.567727447051816,-7.538376617942674,33.59132300451878,-7.498495565389914,342
"33.568,-7.538 → 33.566,-7.507",33.567727447051816,-7.538376617942674,33.56611830052119,-7.507467292373912,343
"33.557,-7.521 → 33.568,-7.538",33.5569487310012,-7.520723345748707,33.567727447051816,-7.538376617942674,344
"33.557,-7.521 → 33.576,-7.524",33.5569487310012,-7.520723345748707,33.576050885706955,-7.523572048700261,345
"33.557,-7.521 → 33.591,-7.498",33.5569487310012,-7.520723345748707,33.59132300451878,-7.498495565389914,346
"33.557,-7.521 → 33.566,-7.507",33.5569487310012,-7.520723345748707,33.56611830052119,-7.507467292373912,347
"33.576,-7.524 → 33.568,-7.538",33.576050885706955,-7.523572048700261,33.567727447051816,-7.538376617942674,348
"33.576,-7.524 → 33.557,-7.521",33.576050885706955,-7.523572048700261,33.5569487310012,-7.520723345748707,349
"33.576,-7.524 → 33.591,-7.498",33.576050885706955,-7.523572048700261,33.59132300451878,-7.498495565389914,350
"33.576,-7.524 → 33.566,-7.507",33.576050885706955,-7.523572048700261,33.56611830052119,-7.507467292373912,351
"33.591,-7.498 → 33.568,-7.538",33.59132300451878,-7.498495565389914,33.567727447051816,-7.538376617942674,352
"33.591,-7.498 → 33.557,-7.521",33.59132300451878,-7.498495565389914,33.5569487310012,-7.520723345748707,353
"33.591,-7.498 → 33.576,-7.524",33.59132300451878,-7.498495565389914,33.576050885706955,-7.523572048700261,354
"33.591,-7.498 → 33.566,-7.507",33.59132300451878,-7.498495565389914,33.56611830052119,-7.507467292373912,355
"33.566,-7.507 → 33.568,-7.538",33.56611830052119,-7.507467292373912,33.567727447051816,-7.538376617942674,356
"33.566,-7.507 → 33.557,-7.521",33.56611830052119,-7.507467292373912,33.5569487310012,-7.520723345748707,357
"33.566,-7.507 → 33.576,-7.524",33.56611830052119,-7.507467292373912,33.576050885706955,-7.523572048700261,358
"33.566,-7.507 → 33.591,-7.498",33.56611830052119,-7.507467292373912,33.59132300451878,-7.498495565389914,359
"33.54,-7.567 → 33.531,-7.551",33.54000184138823,-7.566569000859778,33.530573928442266,-7.551319477738231,360
"33.54,-7.567 → 33.539,-7.551",33.54000184138823,-7.566569000859778,33.539206575186554,-7.550803477680963,361
"33.54,-7.567 → 33.545,-7.572",33.54000184138823,-7.566569000859778,33.545153943475164,-7.572127531430779,362
"33.54,-7.567 → 33.554,-7.569",33.54000184138823,-7.566569000859778,33.55418715357771,-7.568674522035255,363
"33.531,-7.551 → 33.54,-7.567",33.530573928442266,-7.551319477738231,33.54000184138823,-7.566569000859778,364
"33.531,-7.551 → 33.539,-7.551",33.530573928442266,-7.551319477738231,33.539206575186554,-7.550803477680963,365
"33.531,-7.551 → 33.545,-7.572",33.530573928442266,-7.551319477738231,33.545153943475164,-7.572127531430779,366
"33.531,-7.551 → 33.554,-7.569",33.530573928442266,-7.551319477738231,33.55418715357771,-7.568674522035255,367
"33.539,-7.551 → 33.54,-7.567",33.539206575186554,-7.550803477680963,33.54000184138823,-7.566569000859778,368
"33.539,-7.551 → 33.531,-7.551",33.539206575186554,-7.550803477680963,33.530573928442266,-7.551319477738231,369
"33.539,-7.551 → 33.545,-7.572",33.539206575186554,-7.550803477680963,33.545153943475164,-7.572127531430779,370
"33.539,-7.551 → 33.554,-7.569",33.539206575186554,-7.550803477680963,33.55418715357771,-7.568674522035255,371
"33.545,-7.572 → 33.54,-7.567",33.545153943475164,-7.572127531430779,33.54000184138823,-7.566569000859778,372
"33.545,-7.572 → 33.531,-7.551",33.545153943475164,-7.572127531430779,33.530573928442266,-7.551319477738231,373
"33.545,-7.572 → 33.539,-7.551",33.545153943475164,-7.572127531430779,33.539206575186554,-7.550803477680963,374
"33.545,-7.572 → 33.554,-7.569",33.545153943475164,-7.572127531430779,33.55418715357771,-7.568674522035255,375
"33.554,-7.569 → 33.54,-7.567",33.55418715357771,-7.568674522035255,33.54000184138823,-7.566569000859778,376
"33.554,-7.569 → 33.531,-7.551",33.55418715357771,-7.568674522035255,33.530573928442266,-7.551319477738231,377
"33.554,-7.569 → 33.539,-7.551",33.55418715357771,-7.568674522035255,33.539206575186554,-7.550803477680963,378
"33.554,-7.569 → 33.545,-7.572",33.55418715357771,-7.568674522035255,33.545153943475164,-7.572127531430779,379
"33.576,-7.49 → 33.584,-7.471",33.57570591621428,-7.490296996018019,33.583726021581505,-7.47070849767485,380
"33.576,-7.49 → 33.583,-7.494",33.57570591621428,-7.490296996018019,33.58291360926834,-7.494011307440987,381
"33.576,-7.49 → 33.571,-7.476",33.57570591621428,-7.490296996018019,33.57056767323311,-7.475566773089598,382
"33.576,-7.49 → 33.564,-7.493",33.57570591621428,-7.490296996018019,33.5638687006217,-7.492517639381455,383
"33.584,-7.471 → 33.576,-7.49",33.583726021581505,-7.47070849767485,33.57570591621428,-7.490296996018019,384
"33.584,-7.471 → 33.583,-7.494",33.583726021581505,-7.47070849767485,33.58291360926834,-7.494011307440987,385
"33.584,-7.471 → 33.571,-7.476",33.583726021581505,-7.47070849767485,33.57056767323311,-7.475566773089598,386
"33.584,-7.471 → 33.564,-7.493",33.583726021581505,-7.47070849767485,33.5638687006217,-7.492517639381455,387
"33.583,-7.494 → 33.576,-7.49",33.58291360926834,-7.494011307440987,33.57570591621428,-7.490296996018019,388
"33.583,-7.494 → 33.584,-7.471",33.58291360926834,-7.494011307440987,33.583726021581505,-7.47070849767485,389
"33.583,-7.494 → 33.571,-7.476",33.58291360926834,-7.494011307440987,33.57056767323311,-7.475566773089598,390
"33.583,-7.494 → 33.564,-7.493",33.58291360926834,-7.494011307440987,33.5638687006217,-7.492517639381455,391
"33.571,-7.476 → 33.576,-7.49",33.57056767323311,-7.475566773089598,33.57570591621428,-7.490296996018019,392
"33.571,-7.476 → 33.584,-7.471",33.57056767323311,-7.475566773089598,33.583726021581505,-7.47070849767485,393
"33.571,-7.476 → 33.583,-7.494",33.57056767323311,-7.475566773089598,33.58291360926834,-7.494011307440987,394
"33.571,-7.476 → 33.564,-7.493",33.57056767323311,-7.475566773089598,33.5638687006217,-7.492517639381455,395
"33.564,-7.493 → 33.576,-7.49",33.5638687006217,-7.492517639381455,33.57570591621428,-7.490296996018019,396
"33.564,-7.493 → 33.584,-7.471",33.5638687006217,-7.492517639381455,33.583726021581505,-7.47070849767485,397
"33.564,-7.493 → 33.583,-7.494",33.5638687006217,-7.492517639381455,33.58291360926834,-7.494011307440987,398
"33.564,-7.493 → 33.571,-7.476",33.5638687006217,-7.492517639381455,33.57056767323311,-7.475566773089598,399
"33.597,-7.491 → 33.62,-7.497",33.59683807186567,-7.490987136387706,33.61952113603591,-7.496748838417869,400
"33.597,-7.491 → 33.624,-7.516",33.59683807186567,-7.490987136387706,33.62366627151335,-7.516339098538356,401
"33.597,-7.491 → 33.598,-7.507",33.59683807186567,-7.490987136387706,33.5983133041713,-7.507067388215285,402
"33.597,-7.491 → 33.625,-7.508",33.59683807186567,-7.490987136387706,33.6254822778288,-7.508214790020274,403
"33.62,-7.497 → 33.597,-7.491",33.61952113603591,-7.496748838417869,33.59683807186567,-7.490987136387706,404
"33.62,-7.497 → 33.624,-7.516",33.61952113603591,-7.496748838417869,33.62366627151335,-7.516339098538356,405
"33.62,-7.497 → 33.598,-7.507",33.61952113603591,-7.496748838417869,33.5983133041713,-7.507067388215285,406
"33.62,-7.497 → 33.625,-7.508",33.61952113603591,-7.496748838417869,33.6254822778288,-7.508214790020274,407
"33.624,-7.516 → 33.597,-7.491",33.62366627151335,-7.516339098538356,33.59683807186567,-7.490987136387706,408
"33.624,-7.516 → 33.62,-7.497",33.62366627151335,-7.516339098538356,33.61952113603591,-7.496748838417869,409
"33.624,-7.516 → 33.598,-7.507",33.62366627151335,-7.516339098538356,33.5983133041713,-7.507067388215285,410
"33.624,-7.516 → 33.625,-7.508",33.62366627151335,-7.516339098538356,33.6254822778288,-7.508214790020274,411
"33.598,-7.507 → 33.597,-7.491",33.5983133041713,-7.507067388215285,33.59683807186567,-7.490987136387706,412
"33.598,-7.507 → 33.62,-7.497",33.5983133041713,-7.507067388215285,33.61952113603591,-7.496748838417869,413
"33.598,-7.507 → 33.624,-7.516",33.5983133041713,-7.507067388215285,33.62366627151335,-7.516339098538356,414
"33.598,-7.507 → 33.625,-7.508",33.5983133041713,-7.507067388215285,33.6254822778288,-7.508214790020274,415
"33.625,-7.508 → 33.597,-7.491",33.6254822778288,-7.508214790020274,33.59683807186567,-7.490987136387706,416
"33.625,-7.508 → 33.62,-7.497",33.6254822778288,-7.508214790020274,33.61952113603591,-7.496748838417869,417
"33.625,-7.508 → 33.624,-7.516",33.6254822778288,-7.508214790020274,33.62366627151335,-7.516339098538356,418
"33.625,-7.508 → 33.598,-7.507",33.6254822778288,-7.508214790020274,33.5983133041713,-7.507067388215285,419
"33.6,-7.634 → 33.606,-7.619",33.59958307991021,-7.634421075102676,33.60559831974439,-7.6193587567906835,420
"33.6,-7.634 → 33.605,-7.629",33.59958307991021,-7.634421075102676,33.60534333123121,-7.628564980019771,421
"33.6,-7.634 → 33.612,-7.609",33.59958307991021,-7.634421075102676,33.61231389195819,-7.609199075481694,422
"33.6,-7.634 → 33.592,-7.638",33.59958307991021,-7.634421075102676,33.59180443723376,-7.637821262107074,423
"33.606,-7.619 → 33.6,-7.634",33.60559831974439,-7.6193587567906835,33.59958307991021,-7.634421075102676,424
"33.606,-7.619 → 33.605,-7.629",33.60559831974439,-7.6193587567906835,33.60534333123121,-7.628564980019771,425
"33.606,-7.619 → 33.612,-7.609",33.60559831974439,-7.6193587567906835,33.61231389195819,-7.609199075481694,426
"33.606,-7.619 → 33.592,-7.638",33.60559831974439,-7.6193587567906835,33.59180443723376,-7.637821262107074,427
"33.605,-7.629 → 33.6,-7.634",33.60534333123121,-7.628564980019771,33.59958307991021,-7.634421075102676,428
"33.605,-7.629 → 33.606,-7.619",33.60534333123121,-7.628564980019771,33.60559831974439,-7.6193587567906835,429
"33.605,-7.629 → 33.612,-7.609",33.60534333123121,-7.628564980019771,33.61231389195819,-7.609199075481694,430
"33.605,-7.629 → 33.592,-7.638",33.60534333123121,-7.628564980019771,33.59180443723376,-7.637821262107074,431
"33.612,-7.609 → 33.6,-7.634",33.61231389195819,-7.609199075481694,33.59958307991021,-7.634421075102676,432
"33.612,-7.609 → 33.606,-7.619",33.61231389195819,-7.609199075481694,33.60559831974439,-7.6193587567906835,433
"33.612,-7.609 → 33.605,-7.629",33.61231389195819,-7.609199075481694,33.60534333123121,-7.628564980019771,434
"33.612,-7.609 → 33.592,-7.638",33.61231389195819,-7.609199075481694,33.59180443723376,-7.637821262107074,435
"33.592,-7.638 → 33.6,-7.634",33.59180443723376,-7.637821262107074,33.59958307991021,-7.634421075102676,436
"33.592,-7.638 → 33.606,-7.619",33.59180443723376,-7.637821262107074,33.60559831974439,-7.6193587567906835,437
"33.592,-7.638 → 33.605,-7.629",33.59180443723376,-7.637821262107074,33.60534333123121,-7.628564980019771,438
"33.592,-7.638 → 33.612,-7.609",33.59180443723376,-7.637821262107074,33.61231389195819,-7.609199075481694,439
"33.486,-7.633 → 33.498,-7.651",33.48569462458445,-7.633357283646167,33.49835474797786,-7.6507546447367645,463
